<?xml version='1.0' encoding='UTF-8'?>
<!DOCTYPE refentry PUBLIC "-//OASIS//DTD DocBook XML V4.5//EN"
"http://www.oasis-open.org/docbook/xml/4.5/docbookx.dtd" [

  <!ENTITY mpcheckname   "check_dnssec_trace">

]>

<refentry xmlns:xi="http://www.w3.org/2001/XInclude">
  <refentryinfo>
    <title>Monitoringplug  Manual</title>
    <productname>&mpcheckname;</productname>
    <authorgroup>
      <author>
       <firstname>Marius</firstname>
        <surname>Rieder</surname>
        <address>
          <email>marius.rieder@durchmesser.ch</email>
        </address>
       <contrib>For monitoringplug</contrib>
      </author>
    </authorgroup>
    <copyright>
      <year>2012</year>
      <holder>Marius Rieder</holder>
    </copyright>
    <legalnotice>
      <para>This manual page was written for Monitoringplug
        (and may be used by others).</para>
      <para>Permission is granted to copy, distribute and/or modify this
        document under the terms of the GNU General Public License,
        Version 2 or (at your option) any later version published by
        the Free Software Foundation.</para>
    </legalnotice>
  </refentryinfo>
  <refmeta>
    <refentrytitle>CHECK_DNSSEC_TRACE</refentrytitle>
    <manvolnum>1</manvolnum>
  </refmeta>
  <refnamediv>
    <refname>&mpcheckname;</refname>
    <refpurpose>Check if the zone signature is tracable.</refpurpose>
  </refnamediv>
  <refsynopsisdiv>
    <cmdsynopsis>
      <command>&mpcheckname;</command>
      <arg choice="opt">
        <option>-H <replaceable>HOST</replaceable></option>
      </arg>
      <arg choice="plain">
        <option>-D <replaceable>DOMAIN</replaceable></option>
      </arg>
      <arg choice="opt">
        <option>-T <replaceable>DOMAIN</replaceable></option>
      </arg>
    </cmdsynopsis>
  </refsynopsisdiv>
  <refsect1 id="description">
    <title>DESCRIPTION</title>
    <para>Check the Domains signatures is traceable from root or the given
      starting point.</para>
  </refsect1>
  <refsect1 id="options">
    <title>OPTIONS</title>
    <para>The Monitoringplug default options</para>
    <xi:include href="mp_opts.xml"/>
    <para>Check specific options</para>
    <variablelist>
      <varlistentry>
        <term><option>--tcp</option></term>
        <listitem>
          <para>Use TCP for DNS queries.</para>
        </listitem>
      </varlistentry>
      <varlistentry>
        <term><option>-D</option></term>
        <term><option>--domain=<replaceable>DOMAIN</replaceable></option></term>
        <listitem>
          <para>The name of the domain to check.</para>
        </listitem>
      </varlistentry>
      <varlistentry>
        <term><option>-T</option></term>
        <term><option>--trace-from=<replaceable>DOMAIN</replaceable></option></term>
        <listitem>
          <para>The name of the domain to trace from.
            (Default to .)</para>
        </listitem>
      </varlistentry>
      <varlistentry>
        <term><option>-k</option></term>
        <term><option>--trusted-keys=<replaceable>FILE</replaceable></option></term>
        <listitem>
          <para>File to read truste-anchors from.</para>
          <para>
            The keyfile should be a Zonefile alike list of Trusted Keys or DS.
            Create the file with 'dig -t <replaceable>DNSKEY|DS</replaceable> +noall +answer <replaceable>ZONE</replaceable> > file'.
            Do not forget to verify the DNSKEY/DS record against a trustworthy source.
          </para>
        </listitem>
      </varlistentry>
    </variablelist>
  </refsect1>
  <xi:include href="mp_seealso.xml"/>
</refentry>
<!-- vim: set ts=2 sw=2 expandtab ai syn=docbk : -->
