<?xml version='1.0' encoding='UTF-8'?>
<!DOCTYPE refentry PUBLIC "-//OASIS//DTD DocBook XML V4.5//EN"
"http://www.oasis-open.org/docbook/xml/4.5/docbookx.dtd" [

  <!ENTITY mpcheckname   "check_oping">

]>

<refentry xmlns:xi="http://www.w3.org/2001/XInclude">
  <refentryinfo>
    <title>Monitoringplug  Manual</title>
    <productname>&mpcheckname;</productname>
    <authorgroup>
      <author>
       <firstname>Marius</firstname>
        <surname>Rieder</surname>
        <address>
          <email>marius.rieder@durchmesser.ch</email>
        </address>
       <contrib>For monitoringplug</contrib>
      </author>
    </authorgroup>
    <copyright>
      <year>2012</year>
      <holder>Marius Rieder</holder>
    </copyright>
    <legalnotice>
      <para>This manual page was written for Monitoringplug
        (and may be used by others).</para>
      <para>Permission is granted to copy, distribute and/or modify this
        document under the terms of the GNU General Public License,
        Version 2 or (at your option) any later version published by
        the Free Software Foundation.</para>
    </legalnotice>
  </refentryinfo>
  <refmeta>
    <refentrytitle>CHECK_OPING</refentrytitle>
    <manvolnum>1</manvolnum>
  </refmeta>
  <refnamediv>
    <refname>&mpcheckname;</refname>
    <refpurpose>Check if a host is responding to ICMP Echo Requests.</refpurpose>
  </refnamediv>
  <refsynopsisdiv>
    <cmdsynopsis>
      <command>&mpcheckname;</command>
      <arg choice="plain">
        <option>--hostname <replaceable>HOSTNAME</replaceable></option>
      </arg>
    </cmdsynopsis>
  </refsynopsisdiv>
  <refsect1 id="description">
    <title>DESCRIPTION</title>
    <para>Check whether the named Host is responding to ICMP Echo Requests
      within the given thresholds.</para>
    <para>In the quick Mode the check returns OK as soon as the thresholds
      for OK are matched. Not all packets are sent but check time can be
      reduces dramaticaly.</para>
  </refsect1>
  <refsect1 id="options">
    <title>OPTIONS</title>
    <para>The Monitoringplug default options</para>
    <xi:include href="mp_opts.xml"/>
    <para>Check specific options</para>
    <variablelist>
      <xi:include href="mp_opts_host.xml"/>
      <varlistentry>
        <term><option>-p</option></term>
        <term><option>--packets=<replaceable>PACKETS</replaceable></option></term>
        <listitem>
          <para>umber of packets to send. (Default to 5)</para>
        </listitem>
      </varlistentry>
      <varlistentry>
        <term><option>-q</option></term>
        <term><option>--quick</option></term>
        <listitem>
          <para>Return as soon as OK is reached.</para>
        </listitem>
      </varlistentry>
      <varlistentry>
        <term><option>-i</option></term>
        <term><option>--interval=<replaceable>SECOUNDS</replaceable></option></term>
        <listitem>
          <para>Number of secounds to wait between packets. (Default to 1)</para>
        </listitem>
      </varlistentry>
      <varlistentry>
        <term><option>-I</option></term>
        <term><option>--interface=<replaceable>DEV</replaceable></option></term>
        <listitem>
          <para>Set the outgoing network device to use.</para>
        </listitem>
      </varlistentry>
      <varlistentry>
        <term><option>-T</option></term>
        <term><option>-ttl=<replaceable>TTL</replaceable></option></term>
        <listitem>
          <para>Set TTL of packets to given value.</para>
        </listitem>
      </varlistentry>
      <varlistentry>
        <term><option>-w</option></term>
        <term><option>--warning=<replaceable>TRA,PL%</replaceable></option></term>
        <listitem>
          <para>Return warning if check exceeds TRA or Packet loss limit.
            (Default to 90ms and 10%)</para>
        </listitem>
      </varlistentry>
      <varlistentry>
        <term><option>-c</option></term>
        <term><option>--critical=<replaceable>DURATION</replaceable></option></term>
        <listitem>
          <para>Return critical if check exceeds TRA or Packet loss limit.
            (Default to 100ms and 20%)</para>
        </listitem>
      </varlistentry>
    </variablelist>
  </refsect1>
  <xi:include href="mp_seealso.xml"/>
</refentry>
<!-- vim: set ts=2 sw=2 expandtab ai syn=docbk : -->
