<?xml version='1.0' encoding='UTF-8'?>
<!DOCTYPE refentry PUBLIC "-//OASIS//DTD DocBook XML V4.5//EN"
"http://www.oasis-open.org/docbook/xml/4.5/docbookx.dtd" [

  <!ENTITY mpcheckname   "check_snmp_ups">

]>

<refentry xmlns:xi="http://www.w3.org/2001/XInclude">
  <refentryinfo>
    <title>Monitoringplug  Manual</title>
    <productname>&mpcheckname;</productname>
    <authorgroup>
      <author>
       <firstname>Oliver</firstname>
        <surname>Schonefeld</surname>
        <address>
          <email>schonefeld@ids-mannheim.de</email>
        </address>
       <contrib>For monitoringplug</contrib>
      </author>
    </authorgroup>
    <copyright>
      <year>2012</year>
      <holder>Oliver Schonefeld</holder>
    </copyright>
    <legalnotice>
      <para>This manual page was written for Monitoringplug
        (and may be used by others).</para>
      <para>Permission is granted to copy, distribute and/or modify this
        document under the terms of the GNU General Public License,
        Version 2 or (at your option) any later version published by
        the Free Software Foundation.</para>
    </legalnotice>
  </refentryinfo>
  <refmeta>
    <refentrytitle>CHECK_SNMP_UPS</refentrytitle>
    <manvolnum>1</manvolnum>
  </refmeta>
  <refnamediv>
    <refname>&mpcheckname;</refname>
    <refpurpose>Check a UPS by SNMP.</refpurpose>
  </refnamediv>
  <refsynopsisdiv>
    <cmdsynopsis>
      <command>&mpcheckname;</command>
      <arg choice="plain">
        <option>--hostname <replaceable>HOSTNAME</replaceable></option>
      </arg>
    </cmdsynopsis>
  </refsynopsisdiv>
  <refsect1 id="description">
    <title>DESCRIPTION</title>
    <para>Check status of a UPS conforming to RFC 1628 by SNMP.</para>
  </refsect1>
  <refsect1 id="options">
    <title>OPTIONS</title>
    <para>The Monitoringplug default options</para>
    <xi:include href="mp_opts.xml"/>
    <para>Check specific options</para>
    <variablelist>
      <varlistentry>
        <term><option>-w</option></term>
        <listitem>
          <para>Set warning value for minimum remaining charge (in percent).</para>
        </listitem>
      </varlistentry>
      <varlistentry>
        <term><option>-c</option></term>
        <listitem>
          <para>Set critical value for minimum remaining charge (in percent).</para>
        </listitem>
      </varlistentry>
      <varlistentry>
        <term><option>-W</option></term>
        <listitem>
          <para>Set warning value for minimum remaining runtime (in minutes).</para>
        </listitem>
      </varlistentry>
      <varlistentry>
        <term><option>-Z</option></term>
        <listitem>
          <para>Set critical value for minimum remaining runtime (in minutes).</para>
        </listitem>
      </varlistentry>
      <varlistentry>
        <term><option>-e</option></term>
        <term><option>-extended-status</option></term>
        <listitem>
          <para>Print extended status information to status line.</para>
        </listitem>
      </varlistentry>
    </variablelist>
    <para>The SNMP options</para>
    <xi:include href="mp_opts_snmp.xml"/>
  </refsect1>
  <xi:include href="mp_seealso.xml"/>
</refentry>
<!-- vim: set ts=2 sw=2 expandtab ai syn=docbk : -->
