<?xml version='1.0' encoding='UTF-8'?>
<!DOCTYPE refentry PUBLIC "-//OASIS//DTD DocBook XML V4.5//EN"
"http://www.oasis-open.org/docbook/xml/4.5/docbookx.dtd" [

  <!ENTITY mpcheckname   "check_ipmi_sensor">

]>

<refentry xmlns:xi="http://www.w3.org/2001/XInclude">
  <refentryinfo>
    <title>Monitoringplug  Manual</title>
    <productname>&mpcheckname;</productname>
    <authorgroup>
      <author>
       <firstname>Marius</firstname>
        <surname>Rieder</surname>
        <address>
          <email>marius.rieder@durchmesser.ch</email>
        </address>
       <contrib>For monitoringplug</contrib>
      </author>
    </authorgroup>
    <copyright>
      <year>2012</year>
      <holder>Marius Rieder</holder>
    </copyright>
    <legalnotice>
      <para>This manual page was written for Monitoringplug
        (and may be used by others).</para>
      <para>Permission is granted to copy, distribute and/or modify this
        document under the terms of the GNU General Public License,
        Version 2 or (at your option) any later version published by
        the Free Software Foundation.</para>
    </legalnotice>
  </refentryinfo>
  <refmeta>
    <refentrytitle>CHECK_IPMI_SENSOR</refentrytitle>
    <manvolnum>1</manvolnum>
  </refmeta>
  <refnamediv>
    <refname>&mpcheckname;</refname>
    <refpurpose>Check the give or all IPMI Sensors</refpurpose>
  </refnamediv>
  <refsynopsisdiv>
    <cmdsynopsis>
      <command>&mpcheckname;</command>
      <arg choice="opt">
        <option>--sensor <replaceable>SENSOR<group choice="opt">,<replaceable>SENSOR</replaceable></group></replaceable></option>
      </arg>
    </cmdsynopsis>
  </refsynopsisdiv>
  <refsect1 id="description">
    <title>DESCRIPTION</title>
    <para>Check the give or all Sensors from the SDR by IPMI.</para>
  </refsect1>
  <refsect1 id="options">
    <title>OPTIONS</title>
    <para>The Monitoringplug default options</para>
    <xi:include href="mp_opts.xml"/>
    <para>IPMI specific options</para>
    <xi:include href="mp_opts_ipmi.xml"/>
    <para>Check specific options</para>
    <variablelist>
      <varlistentry>
        <term><option>-S</option></term>
        <term><option>--sensor=<replaceable>SENSOR<group choice="opt">,<replaceable>SENSOR</replaceable></group></replaceable></option></term>
        <listitem>
          <para>Name of the sensor to check.</para>
          <para>Sensors can be concatinated to check multiple sensors.</para>
        </listitem>
      </varlistentry>
      <varlistentry>
        <term><option>-E</option></term>
        <term><option>--exclude=<replaceable>SENSOR<group choice="opt">,<replaceable>SENSOR</replaceable></group></replaceable></option></term>
        <listitem>
          <para>Name of the sensor to exclude.</para>
          <para>Sensors can be concatinated to check multiple sensors.</para>
        </listitem>
      </varlistentry>
    </variablelist>
  </refsect1>
  <xi:include href="mp_seealso.xml"/>
</refentry>
<!-- vim: set ts=2 sw=2 expandtab ai syn=docbk : -->
