<?xml version='1.0' encoding='UTF-8'?>
<!DOCTYPE refentry PUBLIC "-//OASIS//DTD DocBook XML V4.5//EN"
"http://www.oasis-open.org/docbook/xml/4.5/docbookx.dtd" [

  <!ENTITY mpcheckname   "check_cups_jobs">

]>

<refentry xmlns:xi="http://www.w3.org/2001/XInclude">
  <refentryinfo>
    <title>Monitoringplug  Manual</title>
    <productname>&mpcheckname;</productname>
    <authorgroup>
      <author>
       <firstname>Marius</firstname>
        <surname>Rieder</surname>
        <address>
          <email>marius.rieder@durchmesser.ch</email>
        </address>
       <contrib>For monitoringplug</contrib>
      </author>
    </authorgroup>
    <copyright>
      <year>2012</year>
      <holder>Marius Rieder</holder>
    </copyright>
    <legalnotice>
      <para>This manual page was written for Monitoringplug
        (and may be used by others).</para>
      <para>Permission is granted to copy, distribute and/or modify this
        document under the terms of the GNU General Public License,
        Version 2 or (at your option) any later version published by
        the Free Software Foundation.</para>
    </legalnotice>
  </refentryinfo>
  <refmeta>
    <refentrytitle>CHECK_CUPS_JOBS</refentrytitle>
    <manvolnum>1</manvolnum>
  </refmeta>
  <refnamediv>
    <refname>&mpcheckname;</refname>
    <refpurpose>Check CUPS job count and age.</refpurpose>
  </refnamediv>
  <refsynopsisdiv>
    <cmdsynopsis>
      <command>&mpcheckname;</command>
      <arg choice="opt">
        <option>--hostname <replaceable>HOSTNAME</replaceable></option>
      </arg>
    </cmdsynopsis>
  </refsynopsisdiv>
  <refsect1 id="description">
    <title>DESCRIPTION</title>
    <para>Check the number of current print jobs and there age.</para>
    <para>Jobs are counted per printer or summerized over all printers.</para>
  </refsect1>
  <refsect1 id="options">
    <title>OPTIONS</title>
    <para>The Monitoringplug default options</para>
    <xi:include href="mp_opts.xml"/>
    <para>Check specific options</para>
    <variablelist>
      <xi:include href="mp_opts_host.xml"/>
      <varlistentry>
        <term><option>-P</option></term>
        <term><option>--printer=<replaceable>PRINTER</replaceable></option></term>
        <listitem>
          <para>Check only device named PRINTER.</para>
        </listitem>
      </varlistentry>
      <varlistentry>
        <term><option>-s</option></term>
        <term><option>--summarize</option></term>
        <listitem>
          <para>Summerize job count over all printers.</para>
        </listitem>
      </varlistentry>
      <varlistentry>
        <term><option>-w</option></term>
        <term><option>--warning=<replaceable>COUNT</replaceable></option></term>
        <listitem>
          <para>Return warning if job count exceeds limit.</para>
        </listitem>
      </varlistentry>
      <varlistentry>
        <term><option>-c</option></term>
        <term><option>--critical=<replaceable>COUNT</replaceable></option></term>
        <listitem>
          <para>Return critical if job count exceeds limit.</para>
        </listitem>
      </varlistentry>
      <varlistentry>
        <term><option>-W</option></term>
        <term><option>--timewarning=<replaceable>AGE</replaceable></option></term>
        <listitem>
          <para>Return warning if job processing time exceeds limit.
            (Default to 5m</para>
        </listitem>
      </varlistentry>
      <varlistentry>
        <term><option>-C</option></term>
        <term><option>--timecritical=<replaceable>AGE</replaceable></option></term>
        <listitem>
          <para>Return critical if job processing time exceeds limit.
            (Default to 10m)</para>
        </listitem>
      </varlistentry>
    </variablelist>
  </refsect1>
  <xi:include href="mp_seealso.xml"/>
</refentry>
<!-- vim: set ts=2 sw=2 expandtab ai syn=docbk : -->
