<?xml version='1.0' encoding='UTF-8'?>
<!DOCTYPE refentry PUBLIC "-//OASIS//DTD DocBook XML V4.5//EN"
"http://www.oasis-open.org/docbook/xml/4.5/docbookx.dtd" [

  <!ENTITY mpcheckname   "check_interface">

]>

<refentry xmlns:xi="http://www.w3.org/2001/XInclude">
  <refentryinfo>
    <title>Monitoringplug  Manual</title>
    <productname>&mpcheckname;</productname>
    <authorgroup>
      <author>
       <firstname>Marius</firstname>
        <surname>Rieder</surname>
        <address>
          <email>marius.rieder@durchmesser.ch</email>
        </address>
       <contrib>For monitoringplug</contrib>
      </author>
    </authorgroup>
    <copyright>
      <year>2012</year>
      <holder>Marius Rieder</holder>
    </copyright>
    <legalnotice>
      <para>This manual page was written for Monitoringplug
        (and may be used by others).</para>
      <para>Permission is granted to copy, distribute and/or modify this
        document under the terms of the GNU General Public License,
        Version 2 or (at your option) any later version published by
        the Free Software Foundation.</para>
    </legalnotice>
  </refentryinfo>
  <refmeta>
    <refentrytitle>CHECK_INTERFACE</refentrytitle>
    <manvolnum>1</manvolnum>
  </refmeta>
  <refnamediv>
    <refname>&mpcheckname;</refname>
    <refpurpose>Check interface status by SNMP IF-MIB.</refpurpose>
  </refnamediv>
  <refsynopsisdiv>
    <cmdsynopsis>
      <command>&mpcheckname;</command>
      <arg choice="plain">
        <option>--hostname <replaceable>HOSTNAME</replaceable></option>
      </arg>
      <arg choice="opt">
        <option>--interface <replaceable>INDEX</replaceable></option>
      </arg>
    </cmdsynopsis>
  </refsynopsisdiv>
  <refsect1 id="description">
    <title>DESCRIPTION</title>
    <para>Check interface status by SNMP IF-MIB. The expected state is
      up unless further defined.</para>
  </refsect1>
  <refsect1 id="options">
    <title>OPTIONS</title>
    <para>The Monitoringplug default options</para>
    <xi:include href="mp_opts.xml"/>
    <para>Check specific options</para>
    <variablelist>
      <varlistentry>
        <term><option>-I</option></term>
        <term><option>--interface=<replaceable>INDEX</replaceable></option></term>
        <listitem>
          <para>Index of the Interface to check.</para>
        </listitem>
      </varlistentry>
      <varlistentry>
        <term><option>-d</option></term>
        <term><option>--down</option></term>
        <listitem>
          <para>Check for interface being down.</para>
        </listitem>
      </varlistentry>
      <varlistentry>
        <term><option>-s</option></term>
        <term><option>--should=<replaceable>STATE</replaceable></option></term>
        <listitem>
          <para>Check for interface being in STATE.</para>
        </listitem>
      </varlistentry>
    </variablelist>
    <para>The SNMP options</para>
    <xi:include href="mp_opts_snmp.xml"/>
  </refsect1>
  <xi:include href="mp_seealso.xml"/>
</refentry>
<!-- vim: set ts=2 sw=2 expandtab ai syn=docbk : -->
