<?xml version='1.0' encoding='UTF-8'?>
<!DOCTYPE refentry PUBLIC "-//OASIS//DTD DocBook XML V4.5//EN"
"http://www.oasis-open.org/docbook/xml/4.5/docbookx.dtd" [

  <!ENTITY mpcheckname   "check_dns_authoritative">

]>

<refentry xmlns:xi="http://www.w3.org/2001/XInclude">
  <refentryinfo>
    <title>Monitoringplug  Manual</title>
    <productname>&mpcheckname;</productname>
    <authorgroup>
      <author>
       <firstname>Marius</firstname>
        <surname>Rieder</surname>
        <address>
          <email>marius.rieder@durchmesser.ch</email>
        </address>
       <contrib>For monitoringplug</contrib>
      </author>
    </authorgroup>
    <copyright>
      <year>2012</year>
      <holder>Marius Rieder</holder>
    </copyright>
    <legalnotice>
      <para>This manual page was written for Monitoringplug
        (and may be used by others).</para>
      <para>Permission is granted to copy, distribute and/or modify this
        document under the terms of the GNU General Public License,
        Version 2 or (at your option) any later version published by
        the Free Software Foundation.</para>
    </legalnotice>
  </refentryinfo>
  <refmeta>
    <refentrytitle>CHECK_DNS_AUTHORITATIVE</refentrytitle>
    <manvolnum>1</manvolnum>
  </refmeta>
  <refnamediv>
    <refname>&mpcheckname;</refname>
    <refpurpose>Check zone serial synchronicity.</refpurpose>
  </refnamediv>
  <refsynopsisdiv>
    <cmdsynopsis>
      <command>&mpcheckname;</command>
      <arg choise="plain">
        <option>-H <replaceable>HOST</replaceable></option>
      </arg>
      <arg choice="plain">
        <option>--D <replaceable>DOMAIN</replaceable></option>
      </arg>
    </cmdsynopsis>
  </refsynopsisdiv>
  <refsect1 id="description">
    <title>DESCRIPTION</title>
    <para>Check a Authoritative DNS server.</para>
    <para>Check for UDP and tcp authoritative answers as well as for disabled
      recursion and transfer.</para>
  </refsect1>
  <refsect1 id="options">
    <title>OPTIONS</title>
    <para>The Monitoringplug default options</para>
    <xi:include href="mp_opts.xml"/>
    <para>Check specific options</para>
    <variablelist>
      <xi:include href="mp_opts_host.xml"/>
      <varlistentry>
        <term><option>-D</option></term>
        <term><option>--domain=<replaceable>DOMAIN</replaceable></option></term>
        <listitem>
          <para>The name of the domain to check.</para>
        </listitem>
      </varlistentry>
      <varlistentry>
        <term><option>--norecursion</option></term>
        <listitem>
          <para>Do not test for disabled recursion.</para>
        </listitem>
      </varlistentry>
      <varlistentry>
        <term><option>--notcp</option></term>
        <listitem>
          <para>Do not test TCP queries.</para>
        </listitem>
      </varlistentry>
      <varlistentry>
        <term><option>--noudp</option></term>
        <listitem>
          <para>Do not test UDP queries.</para>
        </listitem>
      </varlistentry>
      <varlistentry>
        <term><option>--noaxfr</option></term>
        <listitem>
          <para>Do not test for disabled AXFR transfer.</para>
        </listitem>
      </varlistentry>
    </variablelist>
  </refsect1>
  <xi:include href="mp_seealso.xml"/>
</refentry>
<!-- vim: set ts=2 sw=2 expandtab ai syn=docbk : -->
