<?xml version='1.0' encoding='UTF-8'?>
<!DOCTYPE refentry PUBLIC "-//OASIS//DTD DocBook XML V4.5//EN"
"http://www.oasis-open.org/docbook/xml/4.5/docbookx.dtd" [

  <!ENTITY mpcheckname   "check_x509_cert">

]>

<refentry xmlns:xi="http://www.w3.org/2001/XInclude">
  <refentryinfo>
    <title>Monitoringplug  Manual</title>
    <productname>&mpcheckname;</productname>
    <authorgroup>
      <author>
       <firstname>Marius</firstname>
        <surname>Rieder</surname>
        <address>
          <email>marius.rieder@durchmesser.ch</email>
        </address>
       <contrib>For monitoringplug</contrib>
      </author>
    </authorgroup>
    <copyright>
      <year>2014</year>
      <holder>Marius Rieder</holder>
    </copyright>
    <legalnotice>
      <para>This manual page was written for Monitoringplug
        (and may be used by others).</para>
      <para>Permission is granted to copy, distribute and/or modify this
        document under the terms of the GNU General Public License,
        Version 2 or (at your option) any later version published by
        the Free Software Foundation.</para>
    </legalnotice>
  </refentryinfo>
  <refmeta>
    <refentrytitle>CHECK_X509_CERT</refentrytitle>
    <manvolnum>1</manvolnum>
  </refmeta>
  <refnamediv>
    <refname>&mpcheckname;</refname>
    <refpurpose>Check x509 Cert expiration from file.</refpurpose>
  </refnamediv>
  <refsynopsisdiv>
    <cmdsynopsis>
      <command>&mpcheckname;</command>
      <arg choice="plain">
        <option>--cert <replaceable>CERT-FILE</replaceable></option>
      </arg>
    </cmdsynopsis>
  </refsynopsisdiv>
  <refsect1 id="description">
    <title>DESCRIPTION</title>
    <para>Check the expiration date of a x509 Certificat.</para>
    <para>The certificat is loaded from a file. Multiple Certs can be checked
      simultaneously.</para>
  </refsect1>
  <refsect1 id="options">
    <title>OPTIONS</title>
    <para>The Monitoringplug default options</para>
    <xi:include href="mp_opts.xml"/>
    <para>Check specific options</para>
    <variablelist>
      <varlistentry>
        <term><option>-C</option></term>
        <term><option>--cert=<replaceable>CERT-FILE</replaceable></option></term>
        <listitem>
          <para>File to load cert from. Glob is supported, see <citerefentry>
              <refentrytitle>glob</refentrytitle><manvolnum>7</manvolnum>
              </citerefentry>.</para>
        </listitem>
      </varlistentry>
      <varlistentry>
        <term><option>-w</option></term>
        <term><option>--warning=<replaceable>DURATION</replaceable></option></term>
        <listitem>
          <para>Return warning if certificat expire within time limit.
            (Default to 30days)</para>
        </listitem>
      </varlistentry>
      <varlistentry>
        <term><option>-c</option></term>
        <term><option>--critical=<replaceable>DURATION</replaceable></option></term>
        <listitem>
          <para>Return critical if certificat expire time limit.
            (Default to 10days)</para>
        </listitem>
      </varlistentry>
    </variablelist>
  </refsect1>
  <xi:include href="mp_seealso.xml"/>
</refentry>
<!-- vim: set ts=2 sw=2 expandtab ai syn=docbk : -->
