<?xml version='1.0' encoding='UTF-8'?>
<!DOCTYPE refentry PUBLIC "-//OASIS//DTD DocBook XML V4.5//EN"
"http://www.oasis-open.org/docbook/xml/4.5/docbookx.dtd" [
]>

<variablelist xmlns:xi="http://www.w3.org/2001/XInclude">
  <xi:include href="mp_opts_host.xml"/>
  <varlistentry>
    <term><option>-C</option></term>
    <term><option>--community=<replaceable>COMMUNITY</replaceable></option></term>
    <listitem>
      <para>SNMP community (defaults to public, used with SNMP v1 and v2c)</para>
    </listitem>
  </varlistentry>
  <varlistentry>
    <term><option>-S</option></term>
    <term><option>--snmp=<replaceable>VERSION</replaceable></option></term>
    <listitem>
      <para>SNMP version to use. (default to v1)</para>
      <para>1 for SNMPv1</para>
      <para>2 for SNMPv2c</para>
      <para>3 for SNMPv3</para>
    </listitem>
  </varlistentry>
  <varlistentry>
    <term><option>-L</option></term>
    <term><option>--seclevel=<replaceable>SECLEVEL</replaceable></option></term>
    <listitem>
      <para>SNMPv3 Security Level to use. (noAuthNoPriv, authNoPriv or authPriv)</para>
    </listitem>
  </varlistentry>
  <varlistentry>
    <term><option>-U</option></term>
    <term><option>--secname=<replaceable>SECNAME</replaceable></option></term>
    <listitem>
      <para>User name for SNMPv3 context.</para>
    </listitem>
  </varlistentry>
  <varlistentry>
    <term><option>-K</option></term>
    <term><option>--context=<replaceable>CONTEXT</replaceable></option></term>
    <listitem>
      <para>SNMPv3 context name. (default is empty string)</para>
    </listitem>
  </varlistentry>
  <varlistentry>
    <term><option>-A</option></term>
    <term><option>--authpass=<replaceable>PASSWORD</replaceable></option></term>
    <listitem>
      <para>Authentication password. (Clear text ASCII or localized key in hex
        with 0x prefix generated by using <filename>snmpkey</filename> utility.)</para>
    </listitem>
  </varlistentry>
  <varlistentry>
    <term><option>-a</option></term>
    <term><option>--authproto=<replaceable>PROTOCOL</replaceable></option></term>
    <listitem>
      <para>Authentication protocol. (MD5 or SHA1)</para>
    </listitem>
  </varlistentry>
  <varlistentry>
    <term><option>-X</option></term>
    <term><option>--privpass=<replaceable>PASSWORD</replaceable></option></term>
    <listitem>
      <para>Privacy password. (Clear text ASCII or localized key in hex
        with 0x prefix generated by using <filename>snmpkey</filename> utility.)</para>
    </listitem>
  </varlistentry>
  <varlistentry>
    <term><option>-T</option></term>
    <term><option>--snmptimeout=<replaceable>TIMEOUT</replaceable></option></term>
    <listitem>
      <para>SNMP request timeout.</para>
    </listitem>
  </varlistentry>
  <varlistentry>
    <term><option>-R</option></term>
    <term><option>--snmpretries=<replaceable>RETRIES</replaceable></option></term>
    <listitem>
      <para>SNMP request retries.</para>
    </listitem>
  </varlistentry>
</variablelist>
<!-- vim: set ts=2 sw=2 expandtab ai syn=docbk : -->
