<?xml version='1.0' encoding='UTF-8'?>
<!DOCTYPE refentry PUBLIC "-//OASIS//DTD DocBook XML V4.5//EN"
"http://www.oasis-open.org/docbook/xml/4.5/docbookx.dtd" [

  <!ENTITY mpcheckname   "notify_mail">

]>

<refentry xmlns:xi="http://www.w3.org/2001/XInclude">
  <refentryinfo>
    <title>Monitoringplug  Manual</title>
    <productname>&mpcheckname;</productname>
    <authorgroup>
      <author>
       <firstname>Marius</firstname>
        <surname>Rieder</surname>
        <address>
          <email>marius.rieder@durchmesser.ch</email>
        </address>
       <contrib>For monitoringplug</contrib>
      </author>
    </authorgroup>
    <copyright>
      <year>2012</year>
      <holder>Marius Rieder</holder>
    </copyright>
    <legalnotice>
      <para>This manual page was written for Monitoringplug
        (and may be used by others).</para>
      <para>Permission is granted to copy, distribute and/or modify this
        document under the terms of the GNU General Public License,
        Version 2 or (at your option) any later version published by
        the Free Software Foundation.</para>
    </legalnotice>
  </refentryinfo>
  <refmeta>
    <refentrytitle>notify_mail</refentrytitle>
    <manvolnum>1</manvolnum>
  </refmeta>
  <refnamediv>
    <refname>&mpcheckname;</refname>
    <refpurpose>Send notification by mail.</refpurpose>
  </refnamediv>
  <refsynopsisdiv>
    <cmdsynopsis>
      <command>&mpcheckname;</command>
      <arg choice="plain">
        <option>--to <replaceable>EMAIL</replaceable></option>
      </arg>
      <arg choice="plain">
        <option>--file <replaceable>FILE</replaceable></option>
      </arg>
      <arg choice="plain">
        <option>--message <replaceable>MESSAGE</replaceable></option>
      </arg>
    </cmdsynopsis>
  </refsynopsisdiv>
  <refsect1 id="description">
    <title>DESCRIPTION</title>
    <para>Send a notification my mail through the sendmail command.</para>
  </refsect1>
  <refsect1 id="options">
    <title>OPTIONS</title>
    <para>The Monitoringplug notification options</para>
    <xi:include href="mp_opts_notify.xml"/>
    <para>Notify specific options</para>
    <variablelist>
      <varlistentry>
        <term><option>-T</option></term>
        <term><option>--to=<replaceable>EMAIL</replaceable></option></term>
        <listitem>
          <para>Destination address. Can be repeated.</para>
        </listitem>
      </varlistentry>
      <varlistentry>
        <term><option>-f</option></term>
        <term><option>--FROM=<replaceable>FROM</replaceable></option></term>
        <listitem>
          <para>From address.</para>
        </listitem>
      </varlistentry>
      <varlistentry>
        <term><option>--bcc</option></term>
        <listitem>
          <para>Send notification as BCC messages.</para>
        </listitem>
      </varlistentry>
    </variablelist>
  </refsect1>
  <xi:include href="mp_seealso_notify.xml"/>
</refentry>
<!-- vim: set ts=2 sw=2 expandtab ai syn=docbk : -->
